{"cameraMode":{"drawMode":0,"name":"Shaded","section":"Shading Mode"},"sceneLighting":true,"audioPlay":false,"sceneViewState":{"showFog":true,"showMaterialUpdate":false,"showSkybox":false,"showFlares":true,"showImageEffects":true,"showParticleSystems":true},"in2DMode":false,"pivot":{"x":-10.093000411987305,"y":2.373000144958496,"z":14.644000053405762},"rotation":{"x":-0.04979030042886734,"y":-0.008391611278057099,"z":0.00048486393643543124,"w":-0.9988007545471191},"size":27.888473510742189,"orthographic":false}